Telefono,Nombre,Apellidos,Empresa,Email,Ciudad
964471234,José María,Ñíguez,Ferretería Bernat S.L.,jm.niguez@ferreteriabernat.es,Benicarló
664123456,Patrick,Oconnor,Import Export Mediterráneo,pconnor@impexmed.com,Castellón
664123456,françois,dupont,Distribuciones Levante SA,f.dupont@distlevante.fr,Vinaròs
964471234,MARÍA TERESA,GÓMEZ,Òptica Peníscola,mtgomez@opticapeniscola.cat,Peníscola
622334455,Àngels,Roig i Bosch,Taller Mecànic Roig,angels.roig@tallerroig.es,Benicarló
622334455,Antonio,Pérez-Vilar,Supermercats Vilar,a.perez.vilar@svilar.es,Vinaròs
611223344,Le,Thi Hoa,Nails & Beauty Center,lethihoa88@gmail.com,Castellón
611223344,Jordi,Sanç,Fusteria Sanç i Fills,jordi@fusteriasanc.cat,Benicarló
964475678,Raúl,Jiménez Ñoño,Autoescola Jiménez,r.jimenez@autoescolajz.es,Vinaròs
655667788,Wei,Zhang,Bazar Oriental Zhang,weizhang@bazaroriental.es,Castellón
